{"slots_f1_score": 0.8886948930597992, "intent_accuracy": 0.948488241881299, "Sentence correectness": 0.3729003359462486}