split,step,epochs,eval_loss,slot_f1,intent_accuracy,semantic_accuracy
valid,294,1,10.17362818912584,86.06606606606606,85.8,53.2
test,294,1,-1.0,84.43396226415094,84.99440089585666,54.871220604703254
