{"slots_f1_score": 0.9651898734177216, "intent_accuracy": 0.9608062709966405, "Sentence correectness": 0.7917133258678611}